checking_account_status,duration,credit_history,credit_amount,other_installment_plans,job,foreign_worker,interest_rate,city,target
A11,18338.36,A34,1169.0,A143,A173,A201,0.03926525014285728,california,good
A12,19473.63,A32,5951.0,A143,A173,A201,0.039823251034191404,california,good
A14,21558.23,A34,2096.0,A143,A172,A201,0.04573301788927522,,good
A11,24052.84,A32,7882.0,A143,A173,A201,0.02915649232199781,california,good
A11,18320.76,A33,4870.0,A143,A173,A201,0.015108183701289642,california,good
A14,23658.18,A32,9055.0,A143,A172,A201,0.05803786714237451,california,good
A14,18660.51,A32,2835.0,A143,A173,A201,0.03027947398298727,california,good
A12,18710.35,A32,6948.0,A143,A174,A201,0.06549936473087695,california,good
A14,17767.51,A32,3059.0,A143,A172,A201,0.05376321075382966,california,good
A12,21149.13,A34,5234.0,A143,A174,A201,0.06050055939595203,california,good
A12,21029.73,A32,1295.0,A143,A173,A201,0.06142750903451962,california,good
A11,14350.48,A32,4308.0,A143,A173,A201,0.032737488973282894,california,good
A12,22899.62,A32,1567.0,A143,A173,A201,0.020797581886512845,california,good
A11,14466.99,A34,1199.0,A143,A172,A201,0.029935037982330853,california,good
A11,24723.19,A32,1403.0,A143,A173,A201,0.01609908497698078,california,good
A11,25853.16,A32,1282.0,A143,A172,A201,0.04746703464408033,california,good
A14,,A34,2424.0,A143,A173,A201,0.041372401704780654,california,bad
A11,13683.58,A30,8072.0,A141,A173,A201,0.06657072594193113,california,good
A12,14714.97,A32,12579.0,A143,A174,A201,0.017631806732526775,california,bad
A14,14033.73,A32,3430.0,A143,A173,A201,0.024699398475146364,california,good
A14,33840.68,A34,2134.0,A143,A173,A201,0.05551567560892179,california,good
A11,18882.55,A32,2647.0,A143,A173,A201,0.04655513027206684,california,good
A11,15352.97,A34,2241.0,A143,A172,A202,0.07135791628438592,california,good
A12,13050.6,A34,1804.0,A143,A173,A201,0.029707426110942924,california,good
A14,14680.9,A34,2069.0,A143,A173,A202,0.09164338794831546,california,good
A11,14272.82,A32,1374.0,A141,A172,A201,0.011306536975201507,california,good
A14,18130.46,A30,426.0,A143,A172,A201,0.011339684426188084,california,good
A13,23037.69,A31,409.0,A143,A173,A201,0.0238323181645983,california,good
A12,,A32,2415.0,A143,A173,A201,0.07134352224971544,california,good
A11,12341.55,A33,6836.0,A143,A173,A201,0.04286883820859058,california,good
A12,15779.36,A32,1913.0,A141,A173,A201,0.08964711825399553,california,good
A11,14762.0,A32,4020.0,A142,A173,A201,0.04707107398453148,california,good
A12,17068.97,A32,5866.0,A143,A173,A201,0.01843083615319307,california,good
A14,19557.5,A34,1264.0,A143,A172,A201,0.04478978496722203,california,good
A13,23669.32,A32,1474.0,A141,A174,A201,0.09586067697668499,california,good
A12,19798.8,A34,4746.0,A143,A172,A201,0.09231545554796951,california,good
A14,27112.7,A34,6110.0,A141,A173,A201,0.08425664363194373,california,good
A13,20723.96,A32,2100.0,A142,A173,A201,0.06431011912121441,california,good
A13,26120.43,A32,1225.0,A143,A173,A201,0.047858052217756096,california,good
A12,11465.3,A32,458.0,A143,A173,A201,0.06438915274351968,california,good
A14,18920.47,A32,2333.0,A141,A174,A201,0.030583955803823094,california,good
A12,17197.6,A32,1158.0,A143,A173,A201,0.03522855084112279,california,good
A12,31596.03,A33,6204.0,A143,A172,A201,0.040253138894179114,california,good
A11,15202.72,A34,6187.0,A143,A173,A201,0.03177241753563274,california,good
A11,19230.8,A34,6143.0,A142,A172,A201,0.016461079196568404,california,good
A14,18349.56,A34,1393.0,A143,A174,A201,0.03182155881304244,california,good
A14,34694.52,A32,,A143,A173,A201,0.08776445451253877,california,bad
A11,,A32,1352.0,A143,,A201,0.08903325468101693,california,good
A14,9575.26,A34,7228.0,A143,A172,A201,0.09218356855786708,california,good
A14,16947.83,A32,2073.0,A143,A173,A201,0.09294946362661426,california,good
A12,18027.68,A33,2333.0,A141,A172,A201,0.03317726632285784,california,good
A12,23732.63,A33,5965.0,A143,A174,A201,0.03710146399315592,california,bad
A14,16679.78,A32,1262.0,A143,A173,A201,0.014390428745561568,california,good
A14,23049.92,A32,3378.0,A143,A173,A201,0.039714111920865006,california,good
A12,17117.53,,2225.0,A141,A173,A201,0.05324627126048063,california,good
A14,23535.23,A31,783.0,A142,A172,A201,0.09097128353518279,california,good
A12,17314.78,A32,6468.0,A143,A174,A201,0.08422966402486991,california,good
A14,18188.73,A34,9566.0,A142,A173,A201,0.05641608147077324,california,good
A13,18634.76,A32,1961.0,A143,A174,A201,0.08920137386248325,california,good
A11,16967.74,A34,6229.0,A143,A172,A201,0.0642175655929621,california,good
A12,27007.77,A32,1391.0,A141,A173,A201,0.07341819555375796,california,good
A12,,A34,1537.0,A143,A173,A201,0.048525516142782735,california,good
A12,27169.93,A30,1953.0,A143,A174,A201,0.016113762763370308,california,good
A12,22226.25,A30,14421.0,A143,A173,A201,0.05694215489654143,,good
A14,24669.6,A32,3181.0,A143,A173,A201,0.0935901561144456,california,good
A14,,A32,5190.0,A143,A173,A201,0.04987058468079912,california,good
A14,,A32,2171.0,A141,A173,A201,0.015033929619430104,california,good
A12,17838.06,A32,1007.0,A143,A173,A201,0.057029300984416983,california,good
A14,9505.73,A32,1819.0,A142,A173,A201,0.029026298126314118,california,good
A14,21220.35,A32,2394.0,A143,A173,A201,0.09734581666924808,california,good
A14,19884.02,A32,8133.0,A141,A173,A201,0.011539326084652591,california,good
A14,21266.66,A34,730.0,A143,A172,A201,0.045052254896203084,california,good
A11,19830.59,A34,1164.0,A141,A174,A201,0.01123479746430813,california,good
A12,29570.76,A34,5954.0,A141,A172,A201,0.07771760521894912,california,good
A11,19570.46,A32,1977.0,A143,A174,A201,0.04488285640204346,california,good
A11,16860.18,A34,1526.0,A143,A174,A201,0.03808560715570657,california,good
A11,23630.42,A32,3965.0,A143,A173,A201,0.055776848063288656,california,good
A12,23502.49,A33,4771.0,A143,A173,A201,0.04113526156094192,california,good
A14,29566.94,A30,9436.0,A143,A172,A201,0.027620387577747672,california,good
A12,23587.84,A32,3832.0,A143,A173,A201,0.02657911139140605,california,good
A14,12205.35,A32,5943.0,A143,A173,A201,0.08532941518230364,california,good
A14,20113.07,A32,1213.0,A142,A173,A201,0.05059750324802272,california,good
A14,26019.63,A32,1568.0,A143,A172,A201,0.06309479520268853,california,good
A11,,A32,1755.0,A143,A172,A201,0.0765068692330981,california,good
A11,19524.69,A32,2315.0,A143,A172,,0.06490622374843635,california,bad
A14,26303.89,A34,1412.0,A143,A174,A201,0.0330720950020796,california,good
A12,17527.18,A34,1295.0,A143,A173,A201,0.05864370501417256,california,good
A12,28087.39,A32,12612.0,A143,A173,A201,0.012057455455895635,california,good
A11,21664.62,A32,2249.0,A143,A174,A201,0.0892345566252941,california,good
A11,21123.67,A30,1108.0,A143,A173,A201,0.013322499242292288,california,good
A14,24738.96,A34,618.0,A143,A173,A201,0.022592063880183613,california,good
A11,20595.55,A34,1409.0,A143,A173,A201,0.057727525497308474,california,good
A14,19213.08,A34,797.0,A141,A172,A201,0.07267062839258374,california,good
A13,21510.08,A34,3617.0,A143,A173,A201,0.04009056745783446,california,good
A12,19476.62,A32,1318.0,A143,A173,A201,0.05742584185204922,california,good
A12,22110.48,A30,15945.0,A143,A173,A201,0.08421032324979079,california,good
A14,25784.62,A34,2012.0,A143,A173,A201,0.07718000521246796,california,good
A12,20994.88,A32,2622.0,A143,A173,A201,0.04602199613743112,california,good
A12,13794.14,A34,2337.0,A143,A173,A201,0.06390219133666207,california,good
A12,21899.32,A33,7057.0,A141,A174,A201,0.014258916099493263,california,good
A14,8792.75,A32,1469.0,A143,A172,A201,0.0430726427469359,california,good
A12,24946.92,A32,2323.0,A143,A173,A201,0.09352611220124689,california,good
A14,33698.9,A33,932.0,A143,A173,A201,0.049762807671304504,california,good
A12,20580.12,A34,1919.0,A143,A173,A201,0.061132894260914034,california,good
A14,23355.42,A32,2445.0,A143,A173,A201,0.03593918406723656,california,good
A12,20416.98,A34,11938.0,A143,A174,A201,0.06138284017448293,california,good
A14,20219.01,A31,6458.0,A141,A174,A201,0.05097907602006441,california,good
A12,21158.62,A32,6078.0,A143,A173,A201,0.047440361051463376,,bad
A11,14189.92,,7721.0,A143,A173,A202,0.05680288652205805,,good
A12,16933.64,A32,1410.0,A143,A173,A201,0.04666651400523747,california,good
A12,23316.78,A33,1449.0,,A173,A201,0.03464085479905881,california,good
A13,19298.72,A32,392.0,A143,A173,A201,0.03164957199289833,california,good
A12,14994.77,A32,6260.0,A143,A172,A201,0.01117647040195294,california,good
A14,19963.63,A34,7855.0,A142,A173,A201,0.04750650460629572,california,good
A11,27091.9,A32,1680.0,A143,A173,A201,0.09482271433010181,california,good
A14,22786.8,A34,3578.0,A143,A173,A201,0.019581848422764402,california,good
A11,31092.2,A32,7174.0,A143,A174,A201,0.027583986056277716,california,good
A11,15270.7,A34,2132.0,A143,A173,A202,0.06770210577408457,california,bad
A11,19841.29,A34,4281.0,A143,A173,A201,0.08365661315883373,california,good
A12,26683.45,A34,2366.0,A143,,A201,0.09449464186685227,california,good
A11,17053.96,A32,1835.0,A143,A173,A201,0.07193720858769481,california,good
A14,27872.68,A34,3868.0,A143,A174,A201,0.09837438300696633,california,good
A14,19594.94,A32,1768.0,A143,A172,A201,0.03730322967124666,california,good
A13,23030.98,A34,781.0,A143,A173,A201,0.07289224134280098,california,good
A12,18310.0,A32,1924.0,A143,A173,A201,0.01709912825474438,california,good
A11,22874.29,A34,2121.0,A143,A173,A201,0.015222345282256366,california,good
A11,11397.97,A32,701.0,A143,A172,A201,0.010419463732216723,california,good
A12,23171.62,A32,639.0,A143,A173,A201,0.025462318796492203,california,good
A12,30018.52,A34,1860.0,A143,A174,A201,0.04378733597003278,california,good
A11,22210.98,A34,3499.0,A143,A173,A201,0.06189603587070274,california,good
A12,23150.64,A32,8487.0,A143,A173,A201,0.04997828665753122,california,good
A11,11145.54,A33,6887.0,A142,A173,A201,0.09854760625076063,california,good
A14,28993.11,A32,2708.0,A141,A172,A201,0.06999131379803894,california,good
A14,17385.4,A32,1984.0,A141,A173,A201,0.09453844153275501,california,good
A14,22604.12,A32,10144.0,A143,A173,A201,0.03535146284034568,california,good
A14,20353.39,A34,1240.0,A143,A173,A201,0.06380835351202356,california,good
A14,26069.94,A33,8613.0,A143,A173,A201,0.08246621175811229,california,good
A12,22453.97,A32,766.0,A143,A172,A201,0.02884122200782748,california,good
A12,14100.42,A34,2728.0,A141,A173,A201,0.07493481906858161,california,good
A13,15635.75,A32,1881.0,A143,A172,A201,0.04638095365299321,california,good
A13,19832.83,A32,709.0,A143,A171,A202,0.09257431223942658,california,good
A12,19353.13,A32,4795.0,A143,A174,A201,0.0889642670588555,california,bad
A11,14553.74,A32,3416.0,A143,A174,A201,0.03300111771521116,california,good
A11,36219.74,A32,2462.0,A143,A173,A201,0.028076192041190717,california,good
A14,22610.97,A34,2288.0,A143,A173,A201,0.060745705914952,california,good
A12,20618.58,A31,3566.0,A143,A173,A201,0.05363698027986331,california,good
A11,,A34,860.0,A143,A173,A201,0.02956319838039142,california,good
A14,22204.96,A34,682.0,A143,A173,,0.06816762830033629,california,good
A11,23752.49,A34,5371.0,A143,A173,A201,0.05907378985199247,california,good
A14,14769.02,A34,1582.0,A143,A173,A201,0.04054058673714617,california,good
A14,20279.65,A32,1346.0,A141,A173,A201,0.07135748622780154,california,good
A14,22454.32,A32,1924.0,A143,A173,A202,0.06623042097180117,california,bad
A13,18413.5,A32,5848.0,A143,A173,A201,0.0701284224773642,california,good
A12,23275.86,A34,7758.0,A143,A173,A201,0.0564163741033584,california,good
A12,18979.1,A33,6967.0,A143,A174,A201,0.07014232068046002,california,good
A11,22585.21,A32,1282.0,A143,A173,A201,0.02724911473597577,california,good
A11,13499.1,A34,1288.0,A143,A173,A202,0.04964252521958618,california,bad
A11,12553.27,A31,339.0,A141,A172,A201,0.048005634554997255,california,good
A12,18485.15,A32,3512.0,A141,A173,A201,0.015529265267394341,california,good
A14,20428.53,A34,1898.0,A143,A172,A201,0.09048628876404598,california,good
A14,14641.25,A34,2872.0,A143,A173,A201,0.026858724397587477,california,good
A14,24063.24,A34,1055.0,A143,A173,A201,0.09961898846010708,california,good
A14,26236.01,A32,1262.0,A143,A173,A201,0.0216759440624543,california,good
A12,20082.84,A32,7308.0,A141,A174,A201,0.038709098224464236,california,good
A14,10613.54,A32,909.0,A143,A173,A201,0.03656307725776774,california,good
A14,24162.35,A32,2978.0,A143,A173,A201,0.010212431122281415,california,good
A11,13760.8,A32,1131.0,A143,A173,A201,0.06356163540837236,california,good
A12,20733.22,A32,1577.0,A143,A173,A201,0.05028032970047589,california,good
A14,15398.94,A32,3972.0,A143,A173,A201,0.08307753920834894,california,good
A12,,A34,1935.0,A143,A173,A201,0.09984545267870995,california,good
A11,24467.61,A30,950.0,A143,A173,A201,0.029571876155894322,california,good
A14,19484.39,A32,763.0,A143,A173,A201,0.04034129354884178,california,good
A12,22352.73,A33,2064.0,A143,A174,A201,0.08763226108518482,california,good
A12,20950.54,A32,1414.0,A143,A173,A202,0.03863372602887442,california,good
A11,24089.13,A33,3414.0,A143,A173,A201,0.052028294542955746,california,good
A14,24262.75,A31,7485.0,A141,A174,A201,0.02628409797081016,california,good
A11,20042.18,A32,2577.0,A143,A173,A201,0.05703255160627207,california,good
A11,18330.72,A34,338.0,A143,A173,A201,0.05484692470458566,california,good
A14,19844.43,A32,1963.0,A143,A174,A201,0.05504481323675007,california,good
A11,16543.25,A34,571.0,A143,A173,A201,0.03829731859497698,california,good
A14,19920.41,A33,9572.0,A143,A173,A201,0.0332368013304439,california,good
A12,16803.96,A33,4455.0,A142,A174,A201,0.059664238521016565,california,good
A11,16259.0,A31,1647.0,A143,A172,A201,0.012752914687005632,california,good
A14,18494.93,A34,3777.0,A143,A173,A201,0.09259204608582941,california,good
A12,18248.46,A34,884.0,A141,A173,A201,0.05593583454741127,california,good
A14,19268.41,A34,1360.0,A143,A173,A201,0.01687029976416885,california,good
A12,13199.12,A31,5129.0,A141,A174,A201,0.01045140364650205,california,good
A12,,A34,1175.0,A143,A171,A201,0.06954998452538635,california,good
A11,19081.95,A32,674.0,A143,A173,A201,0.09386226957418527,california,good
A12,11923.45,A30,3244.0,A141,A173,A201,0.018680060304695517,california,good
A14,19694.75,A32,4591.0,A143,A174,A201,0.08196721917975233,california,good
A12,33799.67,A30,3844.0,A143,A172,A201,0.0473403915725477,california,good
A12,30301.72,A32,3915.0,A143,A173,A201,0.014766321085035028,california,good
A14,26603.79,A32,2108.0,A143,A173,A201,0.05818370562214433,california,good
A12,23272.14,A32,3031.0,A143,A173,A201,0.06483773150495378,california,good
A12,17742.81,A34,1501.0,A143,A174,A201,0.03980011438263443,california,good
A14,27007.29,A34,1382.0,A143,A173,A201,0.04094869429462282,california,good
,22127.41,A32,951.0,A141,,A201,0.017412087014156856,california,good
A12,20970.0,A32,2760.0,A141,A173,A201,0.051825874934393966,california,good
A12,22550.98,A33,4297.0,A143,A174,A201,0.09293644533292222,california,good
A14,20555.8,A34,936.0,A143,A173,A201,0.05300078239402288,california,good
A11,21913.87,A32,1168.0,A143,A172,A201,0.05421415949316316,california,good
A14,11420.96,A33,5117.0,A143,A173,A201,0.03270243184416739,california,good
A11,26404.84,A32,902.0,A143,A173,A201,0.08334637398733648,california,good
A14,21763.76,A34,1495.0,A143,A172,A201,0.09979288706273202,california,good
A11,23792.65,A34,10623.0,A143,A174,A201,0.0921798471286536,california,good
A14,21236.61,A34,1935.0,A143,A173,A201,0.08204414704708703,california,good
A12,26012.61,A34,1424.0,A143,A173,A201,0.04680015091543688,california,good
A11,27571.41,A32,6568.0,A142,A172,A201,0.08248205945322282,california,good
A14,19011.9,A32,1413.0,A143,,A202,0.05682887104026243,california,bad
A14,18162.53,A34,3074.0,A143,A173,A201,0.012126020749859131,california,good
A14,18087.96,A32,3835.0,A143,A172,A201,0.02637957336456432,california,good
A11,22696.77,A30,5293.0,A142,A173,A201,0.04571081702834249,california,good
A13,20034.54,A33,1908.0,A143,A174,A201,0.09051047532618872,california,good
A14,,A34,3342.0,A143,A173,A201,0.06334966934774919,california,bad
A12,23892.74,A34,932.0,A143,A172,A201,0.0118285376316065,california,good
A11,23374.65,A30,3104.0,A141,A173,A201,0.019003464246834554,california,good
A13,25060.19,A32,3913.0,A143,A173,A201,0.015899933048471385,california,good
A11,21784.11,A32,3021.0,A143,A172,A201,0.0696939850873892,california,good
A14,21360.7,A32,1364.0,A143,A173,A201,0.0674670049730799,california,good
A12,16535.12,A32,625.0,A141,A172,A201,0.08237582290870449,california,good
A11,14752.73,A32,1200.0,A141,A173,A201,0.0143911000036012,california,good
A14,30684.22,A32,707.0,A141,A173,A201,0.03397765873787169,california,good
A14,26864.69,A33,2978.0,A143,A173,A201,0.016094986093108506,california,good
A14,25913.75,A32,4657.0,A143,A173,A201,0.06468541836584683,california,good
A14,22429.51,A30,2613.0,A143,A173,A201,0.08496558281083955,california,good
A12,15843.66,A32,10961.0,A141,A173,A201,0.06603038061241831,california,good
A11,14022.82,A32,7865.0,A143,A174,A201,0.04532101551893162,california,good
A14,26321.67,A32,1478.0,A143,A173,A201,0.038198409613287604,california,good
A11,19104.08,A32,3149.0,A141,A173,A201,0.03507386193007096,california,good
A13,21868.98,A32,4210.0,A143,A173,A201,0.020774238071789082,california,good
A14,27325.03,A32,2507.0,A143,A172,A201,0.03848165624104764,california,good
A14,20030.34,A32,2141.0,A143,A173,A201,0.06125556432113153,california,good
A12,13614.89,A32,866.0,A143,A172,A201,0.014903229881220777,california,good
A14,22419.31,A34,1544.0,A143,A172,A201,0.027440729299300574,california,good
A11,19258.62,A32,1823.0,A142,A174,A201,0.09198982401534601,california,good
A12,25074.12,A32,14555.0,A143,A171,A201,0.014869921457704764,california,good
A12,22747.61,A32,2767.0,A141,A172,A201,0.09283067825116056,california,good
A14,16869.6,A34,1291.0,A143,A173,A201,0.03640624642590009,california,good
A11,25695.38,A32,2522.0,A143,A173,A201,0.08121783937787007,california,good
A11,23505.41,A32,915.0,A141,A173,A201,0.04191304988603704,california,good
A14,,A32,1595.0,A143,A173,A201,0.06460298814228037,california,good
A11,24313.87,A30,4605.0,A143,A173,A201,0.08311562230719555,california,good
A14,22629.15,A34,1185.0,A143,A173,A201,0.02241385893090165,california,good
A14,25936.81,A31,3447.0,A143,A172,A201,0.04741082680431494,california,good
A14,,A32,1258.0,A143,A173,A201,0.06969101374511907,california,good
A14,8715.75,A34,717.0,A143,A173,A201,0.06571506621731298,california,good
A14,19681.88,A30,1204.0,A141,A173,A202,0.04189133777398252,california,good
A13,,A32,1925.0,A143,A173,A201,0.0724220286754404,california,good
A14,22086.88,A32,433.0,A143,A173,A201,0.09440167057943773,california,good
A11,23708.1,A34,666.0,A143,A172,A201,0.08149020821380523,california,good
A13,14854.31,A32,2251.0,A143,A172,A201,0.08590855782975165,california,good
A12,27950.56,,2150.0,A141,A173,A201,0.05526210378328624,california,bad
A14,17692.4,A33,4151.0,,A173,A201,0.0540803990696047,california,good
A12,18063.25,A32,2030.0,A143,A173,A201,0.03745475860740121,california,bad
A12,27423.51,A33,7418.0,A143,A172,A201,0.09872232659620077,california,good
A14,16436.44,A34,2684.0,A143,A172,A201,0.018232199274334976,california,good
A11,19280.51,A31,2149.0,A143,A173,A201,0.021893480810110735,california,good
A14,22220.81,A32,3812.0,A143,A173,A201,0.09840008732213003,california,good
A14,27656.4,A34,1154.0,A143,A172,A201,0.014894783513118952,california,good
A11,14581.14,A32,1657.0,A143,A173,A201,,california,good
A11,17694.48,A32,1603.0,A143,A173,A201,0.06219197648560138,california,good
A11,16925.09,A34,5302.0,A143,A174,A201,0.09546600337191317,california,good
A14,12307.8,A34,2748.0,A141,A172,A201,0.07455367749887554,california,good
A14,25105.69,A34,1231.0,A143,A172,,0.08436355254501231,california,good
A12,17131.1,A32,802.0,A143,A173,A201,0.07660143035737461,california,good
,16668.62,A34,6304.0,A143,A173,A201,0.02221310714669966,california,good
A14,22025.39,A32,1533.0,A142,A173,A201,0.04430144578685941,california,good
A11,12949.65,A32,8978.0,A143,A174,A202,0.07567570270458705,california,good
A14,15672.1,A32,999.0,A143,A173,A201,0.0756549116080845,california,good
A14,18094.54,A32,2662.0,A143,A173,A202,0.04353456260373084,california,good
A14,27989.93,A34,1402.0,,A173,A201,0.06329531944719627,california,good
A12,16581.24,A31,12169.0,A143,A174,A201,0.04320951273363756,california,good
A12,20076.19,A32,3060.0,A143,A173,A201,0.025447918299583105,california,good
A11,21610.0,A32,11998.0,A143,A172,A201,0.09576436215188314,california,good
A14,25937.49,A32,2697.0,A143,A173,A201,0.028805028711413307,california,good
A14,19984.62,A34,2404.0,A143,A173,A201,0.08822810295033011,california,good
A11,27976.29,A32,1262.0,A143,A172,A201,0.07203362047755339,california,good
A14,19810.35,A32,4611.0,A143,A173,A201,0.07157695553189881,california,good
A14,24165.21,A32,1901.0,A143,A174,A201,0.05171709480433572,california,good
A14,20834.13,A34,3368.0,A143,A173,A201,0.0683875830844084,california,bad
A14,24693.17,A32,1574.0,A143,A173,A201,0.0350329270806907,california,good
A13,22071.73,A31,1445.0,A141,A172,A201,0.05519811312213107,california,good
A14,,A34,1520.0,A143,A173,A201,0.04960928639040589,california,good
A12,24885.86,A34,3878.0,A143,A173,A201,0.07312536145689075,california,good
A11,17024.04,A32,10722.0,A143,A172,A201,0.05246877956725608,california,good
A11,17509.33,A32,4788.0,A143,A173,A201,0.09612739594905395,california,good
A12,17388.88,A33,7582.0,A143,A174,A201,0.060327353743712675,california,good
A12,20561.66,A32,1092.0,A143,A173,A201,0.06435709210879749,,good
A11,17173.94,A33,1024.0,A142,A173,,0.02340886410216477,california,good
A14,17011.11,A32,1076.0,A143,A173,A202,0.02762826244276404,california,good
A12,,A32,9398.0,,A174,A201,0.09691224316463744,california,good
A11,,A34,6419.0,A143,A174,A201,0.07644058260492922,california,good
A13,18240.47,A34,4796.0,A143,A173,A201,0.013715734985138239,california,good
A14,25410.77,A34,7629.0,A141,A174,A201,0.0333721182107974,california,good
A12,22370.47,A32,9960.0,A143,A173,A201,0.05613377355430838,california,good
A14,16873.78,A32,4675.0,A143,A173,A201,0.08197183364925419,california,good
A14,19577.79,A32,1287.0,A143,A172,A202,0.0829211109338243,california,good
A14,10260.04,A32,2515.0,A143,A173,A201,0.03763986405892093,,good
A12,22185.79,A34,2745.0,A143,A173,,0.08745052042397489,california,good
A14,12325.37,A32,672.0,A143,A171,A201,0.04383769780786202,california,good
A12,23319.4,A30,3804.0,A143,A173,A201,0.09184927493068995,california,good
A13,23322.92,A34,1344.0,A141,A172,A201,0.06395267014597521,california,good
A11,18738.94,A34,1038.0,A143,A173,A201,0.06780704692138054,california,good
A14,22677.35,A34,10127.0,A141,A173,A201,0.05793895173242783,california,good
A14,17991.35,A32,1543.0,A143,A173,A201,0.02793930583402293,california,good
A14,22472.16,A32,4811.0,A142,A172,A201,0.06851816890732758,california,good
A11,23101.91,A32,727.0,A143,A172,A201,0.01758768595194415,california,good
A12,14406.12,A32,1237.0,A143,A173,A201,0.06808088615522853,california,good
A12,18784.04,A32,276.0,A143,A172,A201,0.08204779429117663,california,good
A12,19094.08,A32,5381.0,A141,A171,A201,0.07356228904759964,california,good
A14,26264.89,A32,5511.0,A142,A173,A201,0.07929660447050825,california,good
A13,23768.96,A32,3749.0,A143,A173,A201,0.06145282747315121,california,good
A12,25570.19,A32,685.0,A141,A172,A201,0.014841144750640294,california,good
A13,18810.72,A32,1494.0,A143,A172,A202,0.09146834604970515,california,good
A11,21218.47,A31,2746.0,A141,A173,A201,0.02645824452387334,california,good
A11,23961.15,A32,708.0,A143,A172,A201,0.03189269473376293,california,good
A12,15859.79,A32,4351.0,A143,A172,A201,0.014727024605121933,california,good
A14,24149.57,A34,701.0,A143,A173,,0.07617119128381203,california,good
A11,17218.08,A33,3643.0,A143,A172,A201,0.014090255992034076,california,good
A12,15329.43,A34,4249.0,A143,A174,A201,0.025058496156122066,california,good
A11,23258.64,A32,1938.0,A143,A173,A201,0.01737155024000434,california,good
A11,21815.64,A32,2910.0,A143,A174,A201,0.06750903461106868,california,good
A11,20848.12,A32,2659.0,A143,A173,A201,0.08824236415464447,california,good
A14,16663.99,A34,1028.0,A143,A173,A201,0.015576803299778456,california,good
A11,18968.53,A34,3398.0,A143,A172,A202,0.07466764161989155,california,good
A14,23201.81,A34,5801.0,A143,A173,A201,0.09312042819321015,california,good
A14,15973.62,A32,1525.0,A143,A173,A201,0.019464275731671615,,good
A13,11929.08,A32,4473.0,A143,A173,A201,0.026427355796106514,california,good
A12,13809.19,A32,1068.0,A143,A173,A201,0.03519468004433496,california,good
A11,,A34,6615.0,A143,A174,A201,0.07966106102448661,california,good
A14,18234.04,A34,1864.0,A143,A173,A201,0.048560042387508814,california,good
A12,18929.99,A32,7408.0,A143,A174,A201,0.05529212824993866,california,bad
A14,21022.08,A34,11590.0,A141,A172,A201,0.04054365392140273,california,bad
A11,24507.42,A30,4110.0,A141,A173,A201,0.08630473297521687,,good
A11,11754.09,A34,3384.0,A143,A174,A201,0.04709081254195777,california,bad
A12,14783.42,A32,2101.0,A143,A172,A201,0.05471753229415925,california,good
A11,21669.32,A32,1275.0,A143,A173,A201,0.05883096685106531,california,good
A11,15846.25,A32,4169.0,A143,A173,A201,0.07256445082962573,california,good
A12,21889.78,A32,1521.0,A143,A172,A201,0.02397891105276971,california,good
A12,,A34,5743.0,A143,A173,A201,0.06404373087190642,california,good
A11,15973.22,A32,3599.0,A143,A172,A201,0.08257236452652454,california,good
A12,18216.61,A32,3213.0,A143,A173,A201,0.09144380462153111,california,bad
A12,19597.04,A32,4439.0,A141,A174,A201,0.04242062183729071,california,good
A13,22188.76,A32,3949.0,A143,A172,A201,0.022962257855841203,california,good
A14,,A34,1459.0,A143,A172,A201,0.055728642315840314,california,bad
A12,29860.91,A34,882.0,A143,A173,A201,0.047622589439196686,california,good
A12,15980.01,A32,3758.0,A143,A171,A201,0.059186186946095586,california,good
A14,15344.73,A33,1743.0,A143,A172,A201,0.09545761250606577,california,good
A12,28619.15,A34,1136.0,A143,A173,A201,0.09261469334756298,california,good
A14,25752.52,A32,1236.0,A143,A173,A201,0.024986937173615706,california,good
A12,9171.15,A32,959.0,A143,A173,A202,0.01580723192878707,california,good
A14,19132.92,A34,3229.0,A143,A174,A201,0.05579101374306729,california,good
A11,17837.73,A30,6199.0,A143,A173,A201,0.07984226279146062,california,good
A14,10724.49,A32,727.0,A143,A173,A201,0.04518706716750046,california,good
A12,20402.78,A32,1246.0,A142,,A201,0.02879220634111348,california,good
A14,17361.73,A34,2331.0,A143,A173,A201,0.08843896589051757,california,good
A14,30781.71,A33,4463.0,A143,A174,,0.05808427163895056,california,good
A14,18366.93,A32,776.0,A143,A173,A201,0.030708493953227445,california,good
A11,22016.39,A32,2406.0,A143,A173,A201,0.03693173581511435,california,good
A12,23760.15,A32,1239.0,A143,A173,A201,0.03420952267063665,,good
A13,21883.23,A32,3399.0,A143,A174,A201,0.04920224540131697,california,bad
A13,27847.73,A33,2247.0,A142,A173,A201,0.02103025453153036,california,good
A14,17906.24,A32,1766.0,A143,A173,A201,0.05878589023284335,california,good
A11,13671.18,A32,2473.0,A143,A171,A201,0.020134104181993427,california,good
A14,19418.75,,1542.0,A143,A173,A201,0.06805302219799995,california,good
A14,33526.98,A34,3850.0,A143,A173,A201,0.09309533463103974,california,good
A11,17880.35,A32,3650.0,A143,A173,A201,0.05407145951907839,california,bad
A11,25959.26,A32,3446.0,A143,A173,A201,0.0933992968440354,california,bad
A12,15479.88,A32,3001.0,A143,A173,A201,0.030908518312196084,california,good
A14,12634.3,A32,3079.0,A143,A173,A201,0.024693740414107213,california,good
A14,22675.43,A34,6070.0,A143,A173,,0.05683219273092303,california,good
A14,25749.57,A34,2146.0,A143,A173,A201,0.08540580350754069,california,good
A14,,A34,13756.0,A141,A174,A201,0.0910982378679718,california,good
A12,23847.61,A31,14782.0,A141,A174,A201,0.041079035710242164,california,good
A11,20905.45,A31,7685.0,A143,A173,A201,0.03708520824378974,california,good
A14,,A33,2320.0,A143,A173,A201,0.03383289072684838,california,good
A14,26492.67,A33,846.0,A143,A173,A201,0.05558117149197808,california,good
A12,13045.99,A32,14318.0,A143,A174,A201,0.06053879541581311,california,good
A14,,A34,362.0,A143,A172,A201,0.01566340342204291,california,good
A11,24207.33,A32,2212.0,A143,A173,A201,0.07411061771055143,california,good
A12,19414.69,A32,12976.0,A143,A174,A201,0.08619624899461427,california,good
A14,10548.48,A32,1283.0,A143,A173,A201,0.040719997645644435,california,good
A13,14965.71,A32,1330.0,A143,A173,A201,0.044880462413848195,california,good
A14,19866.38,A33,4272.0,A143,A172,A201,0.011457730879372637,california,good
A14,20439.99,A34,2238.0,A143,A173,A201,0.030084569578963737,california,good
A14,15525.8,A32,1126.0,A143,A173,A201,0.030005491468045223,california,good
A12,,A34,7374.0,A142,A174,A201,0.08251348383383783,california,good
A12,23226.19,A34,2326.0,A141,A173,A201,0.01687131277693826,california,good
A14,18232.43,A32,1449.0,A143,A173,A201,0.06893476053738332,california,good
A14,17349.54,A32,1820.0,A143,A174,A201,0.08287389731685273,california,good
A12,19483.32,A32,,A143,A172,A201,0.04592416039648644,california,good
A11,23447.77,A32,3249.0,A141,A174,A201,0.05354968783101408,california,good
A11,25398.08,A34,1957.0,A143,A173,A201,0.035915720940548436,california,good
A14,16362.96,A34,2406.0,A143,A174,A201,0.019353296335502382,california,good
A12,24527.35,A33,11760.0,A143,A173,A201,0.04392088546604605,california,good
A11,19201.66,A32,2578.0,A143,A174,A201,0.04858271504836719,california,good
A11,22140.22,A34,2348.0,A143,A173,A201,0.06186756822748251,california,good
A12,28982.71,A32,1223.0,A143,A173,A201,0.0942133707638924,california,good
A14,12807.69,,1516.0,A143,A172,A201,0.07513641174425252,california,good
A14,,A32,1473.0,A143,A173,A201,0.08705484201478558,california,good
A12,27596.84,A34,1887.0,A141,A173,A201,0.041765983836979534,california,good
A14,25637.21,A33,8648.0,A141,,A201,0.08465608014174414,california,good
A14,29266.26,A33,802.0,A143,A172,A201,0.07680373410359759,california,good
A12,12759.85,A33,2899.0,A143,A173,A201,0.0488286270794226,california,good
A12,16921.7,A32,2039.0,A143,A173,A201,0.04045370009986927,california,good
A14,18262.6,A34,2197.0,A143,A173,A201,0.029494160650589296,california,bad
A11,27127.05,A32,1053.0,A143,A173,A202,0.044721657292519576,california,good
A14,,A32,3235.0,A143,A174,A201,0.01751715558982456,california,good
A13,25902.04,A34,939.0,A143,,A201,0.05861092767045919,california,good
A12,18844.01,A32,1967.0,A143,A173,A201,0.08621682463477054,california,good
A14,27498.0,A34,7253.0,A143,A174,A201,,california,bad
A14,27513.97,A34,2292.0,A142,A174,A201,0.04970759593787742,california,good
A14,31341.34,A32,1597.0,A143,A172,A202,0.08098862065937251,california,good
A11,30041.0,A32,1381.0,A143,A173,A201,0.02400646219984682,california,good
A14,21779.93,A34,5842.0,A143,A173,A201,0.014312419241026757,california,good
A11,30098.78,A32,2579.0,A143,A172,A201,0.05326911440835293,california,good
A11,19151.53,A33,8471.0,A143,A173,A201,0.035327427349174406,california,good
A14,24764.79,A32,2782.0,A141,A174,A201,0.06561583986659245,california,bad
A12,15209.07,A32,1042.0,A143,A173,A201,0.050925623931896764,california,good
A14,22060.96,A32,3186.0,A143,A173,A201,0.05219695599679996,california,good
A12,22992.87,A32,2028.0,A143,A173,A201,0.09942093859478388,california,good
A12,17244.08,A34,958.0,A143,A172,A201,0.029415305103562432,california,good
A14,22156.16,A33,1591.0,A143,A174,A201,0.04199677103470063,california,good
A12,26834.68,A32,2762.0,A141,A173,A201,0.08208118175051697,california,good
A12,27950.28,A32,2779.0,A143,A173,A201,0.07067782295932755,california,good
A14,19407.29,A34,2743.0,,A173,A201,0.06662402251492656,california,good
A14,18691.77,A34,1149.0,,A173,A201,0.0798483360359064,california,good
A14,22960.26,A32,1313.0,A143,A173,A201,0.07910399759643225,california,good
A11,23671.22,A34,1190.0,A143,A171,A201,0.02315208621521436,california,good
A14,30404.22,A32,3448.0,A143,A172,A201,0.05266409539796049,california,good
A12,,A32,11328.0,A141,A174,A201,0.08303296314156733,california,good
A11,19407.91,A34,1872.0,A143,A174,A201,0.030020786485866542,california,good
A14,20629.64,A34,2058.0,A143,A173,A201,0.053700097318092915,california,bad
A11,25280.1,A32,2136.0,A143,A173,A201,0.01725653278843057,california,good
A12,26280.36,A32,1484.0,A143,A173,A201,0.021040368196962166,,good
A14,18482.97,A32,660.0,A143,A172,A201,0.0820812945025958,california,good
A14,25354.62,A34,1287.0,A143,A173,A201,0.04586802230712041,california,good
A11,24209.12,A34,3394.0,A143,A171,A201,0.07365204132073963,california,good
A13,19559.89,A31,609.0,A143,A171,A201,0.0848932009137609,california,good
A14,23683.72,A32,1884.0,A143,A174,A201,0.042681982243498805,,good
A11,24360.53,A32,1620.0,A143,A173,A201,0.08480647469142912,california,good
A12,20013.7,A33,2629.0,A141,A173,A201,0.029082448255150932,california,good
A14,17904.08,A32,719.0,,A172,A201,0.011901578941510485,california,good
A12,21236.51,A34,5096.0,A143,A174,A201,0.06574182726967083,california,good
A14,16779.48,A34,1244.0,A143,A172,A201,0.09209792249143234,california,good
A11,18053.78,A32,1842.0,A143,A173,A201,0.0679033093722671,california,good
A12,17686.35,A32,2576.0,A143,A173,A201,0.07821761718224311,california,good
A13,27103.85,A32,1424.0,A143,A174,A201,0.04732283320265871,california,good
A12,,A33,1512.0,A142,A173,A201,0.07699764000311177,california,good
A14,18198.36,A34,11054.0,A143,A174,A201,0.014296421736744214,california,good
A14,20060.75,A32,518.0,A143,A173,A201,0.0447896001401649,california,good
A14,31390.62,A30,2759.0,A143,A173,A201,0.05724949075868749,california,bad
A14,20531.95,A32,2670.0,A143,A174,A201,0.013095771019937018,california,bad
A11,17324.07,A32,4817.0,A143,A173,A201,0.028988688366835658,california,good
A14,15460.07,A32,2679.0,A143,A174,A201,0.0911486035348474,california,good
A11,21708.14,A34,3905.0,A143,A173,A201,0.04278945762099832,california,good
A11,13244.23,A32,3386.0,A143,A173,A201,0.017932146650005955,california,good
A11,21742.47,A32,343.0,A143,A173,A201,0.02750489424402354,california,good
A14,,A32,4594.0,A143,A173,A201,0.058464671568818745,california,good
A11,22106.01,A32,3620.0,A143,A173,A201,0.03942475729869634,california,good
A11,25384.02,A32,1721.0,A143,A173,A201,0.0806152639206039,california,good
A12,29064.1,A32,3017.0,A143,A174,A201,0.011107243076380542,california,good
A12,17161.57,A32,754.0,A143,A173,A201,0.07536344250152381,california,good
A14,21337.62,A32,1950.0,A142,A173,A201,0.06585381384832484,california,good
A11,12529.19,A32,2924.0,A141,A173,A201,0.03359985321357642,california,good
A11,,A33,1659.0,A143,A172,A201,0.027810609515873448,california,good
A14,18792.15,A33,7238.0,A141,A173,,0.02020947039246291,california,good
A14,17465.09,A33,2764.0,,A173,A201,0.08598257982502706,california,good
A14,24074.79,A33,4679.0,A143,A172,A201,0.011249660709185752,california,good
A12,17102.78,A32,3092.0,A143,A173,A201,0.04026310347605257,california,good
A11,21478.26,A32,448.0,A143,A173,A201,0.028509037932455704,california,good
A11,24126.66,A32,654.0,A143,A172,A201,0.054191617661185,california,good
A14,27103.21,A32,1238.0,A143,,A201,0.08735869933054052,,good
A12,20987.31,A34,1245.0,A143,A173,A201,0.056477318034299284,california,good
A11,13912.35,A30,3114.0,A143,A173,A201,0.09758609410924604,california,good
A14,18307.54,A32,2569.0,A143,A173,A201,0.019105514858118726,california,good
A13,17596.54,A32,5152.0,A141,A173,A201,0.08211870407680376,california,good
A12,17437.04,A32,1037.0,A143,A172,A201,0.04291652974886735,california,good
A11,22590.08,A34,1478.0,A143,A173,A201,0.0801681580727594,california,good
A12,19255.71,A34,3573.0,A143,A172,A201,0.019571632310386073,california,good
A12,21004.96,A32,1201.0,A143,A173,A201,0.03826026375572357,california,good
A11,34220.25,A32,3622.0,A143,A173,A201,0.08408417267478754,california,good
A14,21901.78,A33,960.0,A143,A173,A201,0.05332184471395138,california,good
A14,22865.54,A34,1163.0,A143,A173,A201,0.060433970709807494,california,bad
A12,31435.57,A33,1209.0,A143,A174,A201,0.06659068790290427,california,bad
A14,20190.3,A32,3077.0,A143,A173,A201,0.02012702227859159,california,good
A14,24210.33,A32,3757.0,A143,A173,A201,0.07613377196917903,california,good
A14,15257.75,A32,1418.0,A143,A172,A202,0.0855178137445688,california,good
A14,,A32,3518.0,A143,A173,A201,0.08956140962747577,california,good
A14,21224.99,A34,1934.0,A143,A173,A201,0.050990450410645295,california,good
A12,22675.03,A30,8318.0,A143,A174,A201,0.07557006216137008,california,good
A14,23622.47,A34,1237.0,A143,A173,A201,0.025066274971936163,california,good
A12,20304.71,A32,368.0,A143,A173,A201,0.04482926761219009,california,good
A11,19436.19,A34,2122.0,A143,A172,A202,0.06359977302197153,california,good
A11,23548.67,A32,2996.0,A143,A173,A201,0.09381108696106,california,good
A12,20688.31,A32,9034.0,A143,A174,A201,0.032462730715246246,california,good
A14,25327.87,A34,1585.0,A143,A173,A201,0.09823530589852912,california,good
A12,18504.7,A32,1301.0,A143,A172,A201,0.013315274143041423,california,good
A13,25051.67,A34,1323.0,A143,A173,A201,0.06095758331906267,california,good
A11,15708.63,A32,3123.0,A143,,A201,0.08016510779868728,california,good
A11,26507.01,A32,5493.0,A143,A173,A201,0.065380953547953,california,good
A13,8818.42,A32,1126.0,A143,A173,A201,0.08679587833609038,california,good
A12,15099.77,A34,1216.0,A141,A173,,0.09987026246103842,california,good
A11,19945.13,A32,1207.0,A143,A173,A201,0.09999222253011968,california,good
A14,,A32,1309.0,A143,A172,A201,0.021098631760644485,california,good
A13,22277.03,A34,2360.0,A143,A173,A201,0.054250019528595234,california,bad
A12,16148.18,A31,6850.0,A143,A174,A201,0.02508843236422241,california,good
A14,16728.67,A32,1413.0,A143,A173,A201,0.010622461495330639,california,good
A14,20592.24,A32,8588.0,A143,A174,A201,0.05133927630822922,california,good
A11,24494.44,A32,759.0,A143,A173,A201,0.09539463046680645,california,good
A14,25188.86,A32,4686.0,A143,A174,A201,0.0687214032142917,california,good
A13,23880.3,A32,2687.0,A143,A173,A201,0.04930098634879885,california,good
A12,28201.55,A33,585.0,A143,A173,A201,0.03833854297554157,california,good
A14,24027.18,A32,2255.0,A143,A173,A201,0.07844983937335034,california,good
A11,22209.67,A34,609.0,A143,A173,A202,0.08464274119179822,california,good
A11,16941.67,A34,1361.0,A143,A172,A202,0.08279411723928645,california,good
A14,20447.56,A34,7127.0,A143,A173,A201,0.07757855728885198,california,good
A11,26324.05,A32,1203.0,A143,A173,A201,0.04736300842579075,california,good
A14,27133.54,A34,700.0,A143,A173,A201,0.07640612616017112,california,good
A14,16448.36,A34,5507.0,A143,A173,A201,0.02433984391070492,california,good
A11,18769.39,A32,3190.0,A143,A173,A201,0.04309876044246455,california,bad
A11,19697.8,A30,7119.0,A143,A173,A201,0.09800793340966212,california,good
A14,,A32,3488.0,A143,A173,A201,0.054220540743646226,california,good
A12,,A32,1113.0,A143,A172,A201,0.08594533311423404,california,good
A12,21092.11,A32,7966.0,A143,A173,A201,0.016315195215661132,california,good
A14,28430.73,A34,1532.0,A143,A173,A201,0.017073966815770898,california,good
A14,36498.75,A34,1503.0,A143,A172,A201,0.08729458268308507,california,good
A11,12750.75,A32,2302.0,A143,A173,A201,0.031110295144693052,california,bad
A11,8340.2,A32,662.0,A143,A172,A201,0.07793849524740502,california,good
A12,10075.02,A32,2273.0,A143,A173,A201,0.011619126822938697,california,good
A12,27525.04,A32,2631.0,A143,A173,A201,0.06783560731761085,california,good
A14,14106.8,A33,1503.0,A143,A173,A201,0.04604823215541391,california,good
A14,27134.37,A32,1311.0,A143,A173,A201,0.07221766065911954,california,good
A14,21457.16,A32,3105.0,A143,A173,A201,0.041442966692710075,california,good
A13,21762.12,A34,2319.0,A143,A173,A201,0.05441471697019174,california,good
A11,17750.28,A32,1374.0,A143,A174,A201,0.09870828611873587,california,good
A12,20185.21,A34,3612.0,A143,A173,A201,0.08608300538174214,california,good
A11,15020.53,A32,7763.0,A141,A174,A201,0.04436118123121709,california,good
A13,22584.73,A32,3049.0,A142,A172,A201,0.05786344055816669,california,good
A12,19885.92,A32,1534.0,A143,A173,A201,0.031293665110446456,california,good
A14,18517.63,A33,2032.0,A143,A173,A201,0.020878659222571313,california,good
A11,20050.98,A32,6350.0,A143,A173,A201,0.06104049776439762,california,good
A13,24482.78,A32,2864.0,A143,A172,A201,0.06987465661030144,california,good
A14,16259.12,A34,1255.0,A143,A172,A201,0.03232439151834661,california,good
A11,27125.34,A33,1333.0,A143,A173,A201,0.09641752823097965,california,good
A14,25835.23,A34,2022.0,A143,A173,A201,0.07855023021388723,california,good
A14,19586.67,A32,1552.0,A141,A173,A201,0.015880423201514445,california,good
A11,13758.43,A31,626.0,A141,A172,A201,0.015946340642399436,california,good
A14,28261.78,A34,8858.0,A143,A173,A201,0.09067078142364693,california,good
A14,20402.37,A34,996.0,A143,A173,A201,0.09557585158709778,california,good
A14,23987.58,A31,1750.0,A141,A172,A201,0.06544884284765076,california,bad
A11,,A32,6999.0,A143,A173,A201,0.06241034366797402,california,bad
A12,16426.54,A34,1995.0,A143,A173,A201,0.05366671958905763,california,good
A12,29460.24,A32,1199.0,A143,A174,A201,0.01927358113031051,california,good
A12,24946.45,A32,1331.0,A142,A173,A201,0.08321690258655354,california,bad
A12,15300.24,A30,2278.0,A143,A173,A201,0.027696137489581343,california,good
A14,26155.39,A30,5003.0,A141,A173,A201,0.07029695838071541,california,good
A11,21000.68,A31,3552.0,A141,A173,A201,0.0770014623265669,california,good
A12,24706.3,A34,1928.0,A143,A172,A201,0.01587729299827947,california,good
A11,26779.39,A32,2964.0,A141,A173,A201,0.07400916324462507,,good
A11,20241.85,A31,1546.0,A141,A172,A201,0.07160784033935357,california,good
,22462.43,A33,683.0,A141,A173,A201,0.03849955742171952,california,good
A12,18845.21,A32,12389.0,,A173,A201,0.024822311133641802,california,good
A12,15254.11,A33,4712.0,A141,,A201,0.051851785733185864,california,good
A12,26500.53,A33,1553.0,A143,A173,A201,0.09147957091589166,california,bad
A11,23649.06,A32,1372.0,A143,A173,A201,0.06225229101791326,california,good
A14,18727.8,A34,2578.0,A143,A173,A201,0.014646198379408473,california,good
A12,21688.96,A32,3979.0,A143,A173,A201,0.07809135812596715,california,good
A11,20292.14,A32,6758.0,A143,A173,A201,0.06819911734860885,california,good
A11,7573.55,A32,3234.0,A143,A172,A201,0.04628805768065408,california,good
A14,23065.31,A34,5954.0,A143,A173,A201,0.07091982766687759,california,good
A14,20662.85,A32,5433.0,A143,A174,A201,0.07849987863803469,california,good
A11,29536.9,A32,806.0,A143,A172,A201,0.09925920125372138,california,good
A12,22274.58,A32,1082.0,A143,,A201,0.015966668114744384,california,good
A14,20813.67,A34,2788.0,A141,A173,A201,0.07205943146251967,california,good
A12,,A32,2930.0,A143,A173,A201,0.09682393389010366,california,good
A14,30921.23,A34,1927.0,A143,A173,A201,0.04748074555133773,california,good
A12,22699.09,A34,2820.0,A143,A173,A201,0.010591840842695436,,good
A14,18402.36,,937.0,A143,A172,A201,0.09637048926179748,california,good
,22289.57,A34,1056.0,A141,A173,A201,0.015301726131933719,california,good
A12,21736.98,A34,3124.0,A141,A172,A201,0.042380043209753096,california,bad
A14,23068.55,A32,,A143,A173,A201,0.07195327485191214,california,good
A12,,A32,2384.0,A143,A172,A201,0.0846035140667988,california,good
A14,25674.17,A32,2133.0,A143,A174,A201,0.04278574789267258,california,good
A11,23420.98,A32,2039.0,A141,A173,A201,0.04788146753005713,california,bad
A11,19811.51,A34,2799.0,A143,A173,A201,0.06524510825779231,california,good
A11,27744.48,A32,1289.0,A143,A172,A201,0.013315933508518611,california,good
A11,29117.76,A32,1217.0,A143,A172,A201,0.07513619874634048,california,good
A11,25625.88,A34,2246.0,A143,A173,A201,0.07905379464397287,california,good
A11,14169.39,A34,385.0,A143,A172,A201,0.08331576909911566,california,good
A12,23345.98,A33,1965.0,A143,A173,A201,0.0202992022881975,california,bad
A14,30016.15,A32,1572.0,A141,A172,A201,0.05278156854976328,california,good
A12,11932.24,A32,2718.0,A143,A172,A201,0.060978103047139375,california,good
A11,21129.67,A31,1358.0,A142,A174,A201,0.018133382947926345,california,good
A12,21073.93,A31,931.0,A142,A172,A201,0.08533694681649719,california,good
A11,15434.89,A32,1442.0,A143,A173,A201,0.028994135384202223,california,good
A12,19364.73,A30,4241.0,A143,A172,A201,0.04491400679116212,california,good
A14,30501.62,A34,2775.0,A141,A173,,0.02507818311540302,california,good
A14,12962.98,A33,3863.0,A143,A173,A201,0.01359676669655703,california,good
A12,26049.81,A32,2329.0,A143,A173,,0.06006982035269687,california,good
A12,27183.28,A32,918.0,A143,A173,A201,0.09087336147635589,california,good
A12,16233.23,A31,1837.0,A141,A172,A201,0.08762849921736549,california,good
A14,24277.27,A32,3349.0,A143,A174,A201,0.06139683796514935,california,bad
A13,12383.9,A32,1275.0,A143,A173,A201,0.015619248168505868,california,good
A11,17407.51,A31,2828.0,A142,A173,A201,0.07082502637812349,california,good
A14,24996.17,,4526.0,A143,A174,A201,0.040452821480948774,california,good
A12,23499.33,A32,2671.0,A143,A173,A201,0.03793923051554814,california,good
A14,19745.82,A32,2051.0,A143,A173,A201,0.03273742663666019,california,good
A14,21249.49,A32,1300.0,A141,A173,A201,0.09478015416735687,california,bad
A11,23451.06,A32,741.0,A143,A173,A201,0.08510034662740915,california,good
A13,19860.22,A32,1240.0,A143,A172,A201,0.017701610585384393,california,good
A11,16399.31,A32,3357.0,A141,A173,A201,0.09336397334131394,california,good
A11,13949.54,A31,3632.0,A141,A173,A202,0.07423109943612574,california,good
A14,18928.68,A33,1808.0,A143,A173,,0.025441413478142896,california,good
A12,13157.4,A30,12204.0,A141,A174,A201,0.08672070311585454,california,good
A12,19910.67,A33,9157.0,A143,A174,A201,0.029519020807648115,california,good
A11,18773.62,A34,3676.0,A143,A173,A201,0.07266821270594506,california,good
A12,15420.57,A32,3441.0,A143,A173,A201,0.08246601823873516,california,good
A14,19339.63,A32,640.0,A143,A172,A201,0.07209364044315507,california,bad
A12,14959.84,,3652.0,A143,A173,A201,0.06977412505729778,california,good
A14,20321.9,A34,1530.0,A141,A173,A201,0.056212201957670294,california,good
A14,21383.87,A32,3914.0,A141,A173,A201,0.07176219208980035,california,good
A11,26456.3,A32,1858.0,A143,A173,A201,0.03458005786286576,california,good
A11,15505.39,A32,2600.0,A143,A173,A201,0.08595029009519066,california,good
A14,14164.73,A32,1979.0,A143,A173,A201,0.08524415572908242,california,good
A13,11082.09,A32,2116.0,A143,A173,A201,0.08508627962569178,california,good
A12,21121.43,A31,1437.0,A143,A173,A201,0.022991606441172645,california,good
A14,17723.04,A34,4042.0,A143,A173,A201,0.030014086441572316,california,good
A14,10956.17,A32,3832.0,A143,A172,A201,0.09293958231307048,california,good
A11,22243.81,A32,,A143,A173,A201,0.022481947229212658,california,good
A11,21805.74,A31,1553.0,A141,A173,A201,0.09770368003255228,california,bad
A12,19827.04,A32,1444.0,A143,A173,A201,0.02874740865417226,california,good
A14,25918.05,A32,1980.0,A143,A173,A201,0.09515278814066133,california,bad
A12,21032.11,A32,1355.0,A143,A172,A201,0.043158944262090035,california,good
A14,23881.19,A32,1393.0,A141,A173,A201,0.012126292187206358,california,good
A14,25925.04,A32,1376.0,A143,A173,A201,0.08630302216834339,,good
A14,22998.04,A33,15653.0,,A173,A201,0.021183855059303452,california,good
A14,21538.98,A32,1493.0,A143,A173,A201,0.08233831632184077,california,good
A11,15628.73,A33,4370.0,A141,A173,A201,0.07532928995953544,california,good
A11,30364.22,A32,750.0,A143,A171,A201,0.05013428372742284,california,good
A12,17459.54,A32,1308.0,A143,A172,A201,0.025218208500783587,california,bad
A14,17553.41,A32,4623.0,A143,A174,A201,0.08978462260914366,,good
A14,22602.19,A34,1851.0,A143,A173,A201,0.07128048078509513,california,good
A11,25684.51,,1880.0,A143,A174,A201,0.0898649526619068,california,good
A14,27929.24,A33,7980.0,A143,A173,A201,0.02028869787726953,,good
A11,17964.28,A30,4583.0,A143,A173,A201,0.02178304988931963,california,good
A14,26383.11,A32,1386.0,A143,A173,A201,0.042805418440819844,california,good
A13,19664.21,A32,947.0,A141,A173,A201,0.02644395291910913,california,good
A11,23738.65,A32,684.0,A143,A172,A201,0.054620605741185956,california,good
A11,18892.47,A32,7476.0,A143,A174,A201,0.0788209205653733,california,good
A12,20862.94,A32,1922.0,A143,A172,A201,0.08751227298461929,california,good
A11,13672.15,A32,2303.0,A143,A173,A201,0.08136167521993351,california,bad
A12,21694.65,A33,8086.0,A143,A174,A201,,california,good
A14,20273.66,A34,2346.0,A143,A173,A201,0.022259339211001355,california,good
A11,22606.36,A32,3973.0,A143,A173,A201,0.024787107452027307,california,good
A12,23123.61,A32,888.0,A141,A172,A201,0.07741938314389274,california,good
A14,24830.49,A32,10222.0,A142,A173,A201,0.05981429589623938,,good
A12,19534.83,A30,4221.0,A143,A173,A201,0.08768640176125705,california,good
A12,,A34,6361.0,A143,A173,A201,0.04582293984925691,california,good
A13,19364.16,A32,1297.0,A143,A173,A201,0.022575903667890654,california,good
A11,15938.43,A32,900.0,A143,A173,A201,0.015231469333184235,california,bad
A14,29894.61,A32,2241.0,A143,A173,A201,0.0386382825946654,california,bad
A12,14225.58,A33,1050.0,A142,A174,A201,0.015840533622678933,california,good
A13,18909.48,A34,1047.0,A143,A172,A201,0.090686295641678,california,bad
A14,14736.61,A34,6314.0,A141,A174,A201,0.0372505576374108,california,good
A12,22428.04,A31,3496.0,A142,A173,A201,0.07403938896561825,california,good
A14,23553.7,A31,3609.0,A142,A173,A201,0.07302315957326799,california,good
A11,18185.8,A34,4843.0,A143,A173,A201,0.09712362425007975,california,good
A13,21841.88,A34,3017.0,A143,A173,A201,0.07799907892894356,california,good
A14,4978.32,A34,4139.0,A143,A172,A201,0.0628180036983869,california,good
A14,6180.7,A32,5742.0,A143,A173,A201,0.09432029141570679,california,good
A14,26711.05,A32,10366.0,A143,A174,A201,0.029813307225277384,california,good
A14,20609.95,A34,2080.0,A143,A173,A201,0.09262848340081681,california,good
A14,19207.3,A33,2580.0,A141,A172,A201,0.09942268228977971,california,good
A14,22772.93,A34,4530.0,A143,A174,A201,0.04389524602003285,california,good
A14,23163.9,A34,5150.0,A143,A173,A201,0.09665599398398536,california,good
A12,16203.51,A32,5595.0,A143,A173,A201,0.06578060560853521,california,good
A11,13915.68,A32,2384.0,A141,A172,A201,0.0931087774617567,california,good
A14,22692.44,A32,1453.0,A143,A173,A201,0.0952089740320604,california,good
A14,25961.96,A32,1538.0,A143,A173,A201,0.07119320868022319,california,good
A14,27023.95,A32,2279.0,A143,A173,A201,0.03214809265576945,california,good
A14,24745.48,A33,1478.0,A141,A173,A201,0.08097991934576489,california,good
A14,,A34,5103.0,A143,A173,A201,0.06885950833784034,california,good
A12,21289.75,A33,9857.0,A143,A172,A201,0.041903785148630766,california,good
A14,33349.36,A32,6527.0,A143,A173,A201,0.05655386997847276,california,good
A13,24715.84,A34,1347.0,A143,A173,A201,0.015370963743872836,california,good
A12,26953.35,A33,2862.0,A143,A173,A201,0.051235191773831804,california,good
A14,17813.93,A32,2753.0,A143,A173,A201,0.05477167782276937,california,good
A11,17435.75,A32,3651.0,A143,A173,A201,0.09938523458371651,california,good
A11,22408.3,A34,975.0,A143,A173,A201,0.05042056095442188,california,bad
A12,21319.58,A32,2631.0,A143,A172,A201,0.08252156870403016,california,good
A12,17828.79,,2896.0,A143,A173,A201,0.09740377053552707,california,good
A11,22182.52,A34,4716.0,A143,A172,A201,0.03750431994073627,california,good
A14,21469.24,A32,2284.0,A143,A173,A201,0.05815359254318076,california,good
A14,11427.2,A32,1236.0,A143,A173,A201,0.03313056304116845,california,good
A12,26245.42,A32,1103.0,A143,A173,A202,0.013224974555217935,california,good
A14,24902.29,A34,926.0,A143,,A201,0.07618384202794345,california,good
A14,20263.14,A34,1800.0,A143,A173,A201,0.0912496686555861,california,good
A13,29265.8,A32,1905.0,A143,A174,A201,0.059659353947913885,california,good
A14,22393.92,A32,1123.0,A143,A172,A201,0.0979531214718103,california,good
A11,27151.76,A34,6331.0,A143,A173,A201,0.01223997638128706,,good
A13,17951.04,A32,1377.0,A143,A173,A201,0.07371364172059558,california,good
A12,21872.51,A33,2503.0,A142,A173,A201,0.07333410795764692,california,good
A12,,A32,2528.0,A143,A173,A201,0.07080142648638924,california,good
A14,34068.56,A32,5324.0,A143,A173,A201,0.05591839552061794,,good
A12,25106.61,A32,6560.0,A143,A173,A201,0.023457012432293985,california,good
A12,26759.76,A30,2969.0,A143,A173,A201,0.06003988012320885,california,good
A12,14546.89,A32,1206.0,A143,A173,A201,0.06459548325733706,california,good
A12,26059.26,A32,2118.0,A143,A172,A201,0.0982135149799576,california,good
A14,,A34,629.0,A141,A174,A201,0.03474307265605325,california,bad
A11,28165.67,A31,1198.0,A143,,A201,0.08688614471984415,california,good
A14,26187.6,A32,2476.0,A143,A174,A201,0.08343176024185522,california,good
A11,,A34,1138.0,A143,A172,A201,0.01165899850644268,california,bad
A12,34612.71,A32,14027.0,A143,A174,A201,0.04261902415957584,california,good
A14,21536.25,A34,7596.0,A143,A173,A201,0.024852194453695603,california,good
A14,15501.82,A34,3077.0,,A173,A201,0.06742021041584209,california,good
A14,23469.68,A32,1505.0,A143,A174,A201,0.07846626504313353,california,good
A13,28618.34,A34,3148.0,A143,A173,A201,0.08856755155330338,california,bad
A12,21512.15,A30,6148.0,A141,A173,A201,0.0984552580009051,california,good
A13,19815.96,A30,1337.0,A143,A174,A201,0.09818823359782866,california,good
A12,24278.22,A31,433.0,A141,A173,A201,0.09982896274464069,california,good
A11,26113.04,A32,1228.0,A143,A172,A201,0.049529037375362524,california,good
A12,18781.78,A32,790.0,A143,A172,A201,0.0871059053077252,california,good
A14,20573.65,A32,2570.0,A143,A173,A201,0.05991250931328409,california,good
A14,15036.87,A34,250.0,A141,A172,A201,0.04214697280403643,california,good
A14,18295.73,A34,1316.0,A143,A172,A201,0.09076535444514496,california,good
A11,24674.19,A32,1882.0,A141,A173,A201,0.06401830907175211,california,good
A12,20082.28,A31,6416.0,A143,A173,A201,0.012939519631164936,california,good
A13,20841.22,A34,1275.0,A143,A173,A201,0.027551718183448606,california,bad
A12,14451.55,A33,6403.0,A143,A173,A201,0.0964914413853795,california,bad
A11,22330.74,A32,1987.0,A143,A172,A201,0.023738972318931593,california,bad
A12,23103.6,A32,760.0,A143,A172,A201,0.047082548414348724,california,good
A14,19390.93,A32,2603.0,A143,A173,A201,0.04838898368397118,california,good
A14,22981.65,A34,3380.0,A143,A173,A201,0.05287168809932026,california,good
A12,27482.32,A31,3990.0,A141,A171,A201,0.06389534951547954,california,good
A12,,A32,11560.0,A143,A174,A201,0.06396962454134131,california,good
A11,18671.38,A32,4380.0,A143,A172,A201,0.035538239866261444,california,good
A14,12538.04,A34,6761.0,A143,A174,A201,0.032233145057777954,california,good
A12,,A30,4280.0,A143,A172,A201,0.06957247281482416,california,good
A11,19031.76,A31,2325.0,A141,A173,A201,0.020288621544982788,california,good
A12,15425.46,A31,1048.0,A142,A172,A201,0.023538911347494244,california,good
A14,17012.33,A32,3160.0,A143,A173,A201,0.08140619335420951,california,good
A11,26759.27,A31,2483.0,A142,A173,A201,0.059224571412992616,california,good
A11,15073.73,A34,14179.0,A143,A174,A201,0.09302574785766476,california,good
A11,20368.79,A34,1797.0,A141,A172,A201,0.014316886326679299,california,bad
A11,11713.59,,2511.0,A143,A173,A201,0.05926526859570523,california,good
A11,17674.66,A32,1274.0,A143,A172,A201,0.011398999054464053,california,good
A14,21620.3,A32,5248.0,A143,A173,A201,0.06387091149662014,california,good
A14,17956.77,A32,3029.0,A143,A173,A201,0.03203179882218341,california,good
A11,22027.24,A32,428.0,A141,A173,A201,0.08542551069251252,california,good
A11,21689.31,,976.0,A143,A172,A201,0.0751431006483788,california,good
A12,21090.27,A32,841.0,A143,A172,A201,0.09040307100939832,california,good
A14,24715.11,A34,5771.0,A143,A173,A201,0.06903031673262028,california,good
A14,,A33,1555.0,A143,A173,A201,0.0609595016682192,california,good
A11,24839.18,A32,1285.0,A143,A173,A201,0.023558461615829328,california,good
A13,22852.73,A34,1299.0,A143,A171,A202,0.03424063407038476,california,good
A13,23943.21,,1271.0,A143,A173,A201,0.01795800744437947,california,good
A14,18079.4,,1393.0,A143,A173,A201,0.048424907198669966,california,good
A11,22258.83,A34,691.0,A143,A173,A201,0.09342474668633409,california,good
A14,21618.46,A34,5045.0,A143,A173,A201,0.020024396639951966,california,good
A11,23356.73,A34,2124.0,A143,A173,A201,0.0731892790968472,california,good
A11,21842.59,A32,2214.0,A143,A172,A201,0.07933236869769805,california,good
A14,16731.7,A34,12680.0,A143,A174,A201,0.050609122051739265,california,good
A14,14932.1,A34,2463.0,A143,A173,A201,0.023423171330705074,california,good
A12,16369.47,A32,1155.0,A141,A172,A201,0.03188390464650904,california,good
A11,13726.57,A32,3108.0,A143,A172,A201,0.08731621602589572,california,good
A14,13040.03,A32,2901.0,A143,A173,A201,0.018116261152944235,california,good
A12,23558.89,A34,3617.0,A143,A173,A201,0.03023096734412463,california,good
A14,34354.27,A34,1655.0,A143,A172,A201,0.052405139583844566,california,good
A11,27072.58,A32,2812.0,A143,A173,A201,0.053369093560980255,california,good
A11,20381.44,A34,8065.0,A143,A174,A201,0.06544668804635904,california,good
A14,14986.82,A34,3275.0,A143,A174,A201,0.07220603343601681,california,good
A14,22147.68,A34,2223.0,A141,A173,A201,0.09100745898571413,california,good
A13,14806.9,A34,1480.0,A141,A171,A201,0.02219554705071005,california,bad
A11,13490.86,A32,1371.0,A143,A173,,0.04475186622031413,california,good
A14,13431.34,A34,3535.0,A143,A173,A201,0.01979086021659008,california,good
A11,23762.65,A32,3509.0,A143,A173,A201,0.028246356934353803,california,good
A14,20340.1,A34,5711.0,A143,A174,A201,0.05585775468048013,california,good
A12,23715.03,A32,3872.0,A143,A173,A201,0.06335154408235646,california,bad
A12,27505.68,A34,4933.0,A143,A173,A201,0.04571017770263971,california,good
A14,26576.67,A34,1940.0,A143,A173,A201,0.09342765083190206,california,good
A12,,A30,1410.0,A143,A172,A201,0.06462191576928562,california,good
A12,19045.46,A32,836.0,A141,A172,A201,0.012971327812126295,california,good
A12,23412.97,A32,6468.0,A143,A174,A201,0.027697039323489124,california,good
A12,19904.25,A32,1941.0,A143,A172,A201,0.06935256659795959,california,good
A14,17127.54,A32,2675.0,A143,A173,A201,0.06675978140485811,california,good
A14,26543.52,A34,2751.0,A143,A173,A201,0.07741454675157972,california,good
A12,17353.88,A33,6224.0,A143,A173,A201,0.07178763432859547,california,good
A11,21702.48,A34,5998.0,A141,A173,A201,0.08326220039685002,california,good
A12,21354.66,A32,1188.0,A143,A173,A201,0.07303825305409391,california,bad
A14,20706.22,A32,6313.0,A143,A174,A201,0.08539475007495087,california,good
A14,26740.37,A34,1221.0,A143,A173,A201,0.018309135679910566,california,good
A13,21290.52,A32,2892.0,A143,A173,A201,0.06473451759945263,california,good
A14,18046.5,A32,3062.0,A143,A173,A201,0.05898799734627204,california,good
A14,28083.8,A32,2301.0,A143,A173,A201,0.08508287119889311,california,good
A11,27522.36,A32,7511.0,A143,A173,A201,0.07211216242397994,california,good
A14,25639.56,A34,1258.0,A143,A172,A201,0.06668095455654446,california,good
A14,23897.64,A33,717.0,A143,A173,A201,0.04539526556826743,california,good
A12,28335.9,A32,1549.0,A143,A171,A201,0.01913216722137964,california,good
A14,23579.94,A34,1597.0,A143,A173,A201,0.05441151165016362,california,good
A12,25300.19,A34,1795.0,A141,A172,A201,0.0417117438465206,california,good
A11,13855.89,A34,4272.0,A143,A173,A201,0.09646372661820703,california,good
A14,31669.26,A34,976.0,A143,A173,A201,0.06223558642772764,california,good
A12,20205.22,A32,7472.0,A143,A171,A201,0.08232164159862283,california,good
A11,,A32,9271.0,A143,A173,A201,0.01516243185624442,california,good
A12,15068.5,A32,590.0,A143,A172,A202,0.05985270836296152,california,good
A14,31318.84,A34,930.0,A143,A173,A201,0.08405403140191543,,bad
A12,19111.26,A31,9283.0,A141,A174,A201,0.01533968543070443,california,good
A12,20587.0,A30,1778.0,A143,A171,A201,0.04226384931994388,california,good
A12,20497.58,A32,907.0,A143,A173,A201,0.014349790546318023,california,good
A12,19533.99,A32,484.0,A141,A172,A201,0.04187580897444994,california,good
A11,28077.92,A34,9629.0,A143,A173,A201,0.05363997294048356,california,good
A11,27092.6,A32,3051.0,A143,A173,A201,0.0516750760689996,california,good
A11,23507.22,A32,3931.0,A143,A173,A201,0.09307042140188733,california,good
A12,32715.88,A33,7432.0,A143,A173,A201,0.0754634402389054,,good
A14,18380.43,,1338.0,A143,A173,A201,0.05688219671963004,california,good
A14,25751.78,A34,1554.0,A143,A173,A201,0.02337941409068933,california,good
A11,25571.28,A32,15857.0,A143,A174,A201,0.047654654261120984,california,good
A11,20428.3,A32,1345.0,A141,A173,A201,0.052034544001924865,california,bad
A14,25790.31,A32,1101.0,A143,A173,A201,0.041168139474375226,california,bad
A13,,A32,3016.0,A143,A173,A201,0.026132414723787703,california,good
A11,19405.06,A32,2712.0,A141,A173,A201,0.08839503636113578,california,good
A11,20913.41,A34,731.0,A143,A172,A201,0.014165450858126712,california,bad
A14,18545.98,A34,3780.0,A143,A174,A201,0.061175465196579265,california,bad
A11,19758.29,A34,1602.0,A143,A173,A201,0.08519345045958795,california,good
A11,25963.61,A34,3966.0,A141,A173,A201,0.09240180579183097,california,bad
A14,,A30,4165.0,A142,A173,A201,0.08059521581896899,california,good
A11,18611.51,A32,8335.0,A143,A173,A201,0.08188017673792465,california,good
A12,28989.52,A33,6681.0,A143,A173,A201,0.06102711784132606,california,good
A14,17270.56,A33,2375.0,A143,A173,A201,0.015508953556033267,,good
A11,15295.33,A32,1216.0,A143,A173,A201,0.0934980110607181,california,good
A11,30652.43,A30,11816.0,A143,A173,A201,0.07285291697012854,california,good
A12,16671.42,A32,5084.0,A143,A173,A201,0.08970942928500561,,bad
A13,14954.47,A32,2327.0,A143,A172,A201,0.03498636545473636,california,good
A11,23160.87,A30,1082.0,A141,A173,A201,0.09765595717698164,,good
A14,26064.79,A32,886.0,A143,A173,A201,0.09633872097225903,california,good
A14,16215.91,A32,601.0,A143,A172,A201,0.010275088973394766,california,good
A11,21773.55,A34,2957.0,A143,A173,A201,0.055290656988693856,california,good
A14,15826.78,A34,2611.0,A143,A173,A201,0.09986316191361115,california,good
A11,28385.02,A32,5179.0,A143,A173,A201,0.031120561684128113,california,good
A14,15283.12,A33,2993.0,A142,A172,A201,0.03022806082262646,california,good
A14,24834.36,,1943.0,A143,A173,A201,0.04866272572761912,,good
A14,24143.94,A31,1559.0,A141,A173,A201,0.05016491143126464,california,bad
A14,23044.16,A32,3422.0,A141,A173,,0.09835690106744967,california,good
A12,30307.42,A32,3976.0,A143,A173,A201,0.011967346723156363,california,good
A14,22227.81,A32,6761.0,A143,A173,A201,0.044518221051814126,,good
A14,23712.63,A32,1249.0,A143,A173,A201,0.08463803584897252,california,good
A11,9723.1,A32,1364.0,A143,A173,A201,0.0798727200520511,california,good
A11,16433.61,A32,709.0,A142,A172,A201,0.05308075388623918,california,good
A11,27314.6,A34,2235.0,A141,A173,A202,0.07813964505509555,california,good
A14,19863.24,A34,4042.0,A143,A173,A201,0.03216603740621274,california,good
A14,17036.15,A34,1471.0,A143,A173,A201,0.03426399653405352,california,good
A11,16199.83,A31,1442.0,A143,A172,A201,0.06568686420934264,california,good
A14,27547.26,A33,10875.0,A143,A173,A201,0.011693832534180125,,good
A14,13570.78,A32,1474.0,A143,A173,A201,0.09496237086733976,california,good
A14,16073.94,A32,894.0,A143,A173,A201,0.03626361675624934,,good
A14,32722.89,A34,3343.0,A143,A173,A201,0.09249815047571316,california,good
A11,23313.61,A32,3959.0,A143,A173,A201,0.06581743534810942,california,good
A14,14564.52,A32,3577.0,A143,,A202,0.03419737651306667,california,good
A14,22921.24,A34,5804.0,A143,A173,A201,0.08867161608582326,california,good
A14,28013.02,A33,2169.0,A143,A173,A201,0.02002859556358396,california,good
A11,20029.12,A32,2439.0,A143,A173,A201,0.032500206340852884,california,good
A14,19895.7,A34,4526.0,A142,A172,A201,0.07714700398874244,california,good
A14,16644.44,A32,2210.0,A141,A172,A201,0.04616323778553046,california,good
A14,26313.16,A32,2221.0,,A173,A201,0.039755924043412216,california,good
A11,16256.56,A32,2389.0,A142,A173,A201,0.058172977696512536,california,good
A14,19932.88,A34,3331.0,A142,,,0.014458407616196725,california,bad
A14,25491.89,A32,7409.0,A143,A173,A201,0.09182783075597868,california,good
A11,19484.89,A32,652.0,A143,A173,A201,0.015665698481659763,california,good
A14,13660.49,A33,7678.0,,A173,A201,0.0206158751462237,california,good
A13,29237.89,A34,1343.0,A143,A173,A202,0.02469054877340965,california,good
A11,22870.69,A34,1382.0,A143,A173,A201,0.09495393253808551,california,good
A14,18596.43,A32,874.0,A143,A173,A201,0.09631192692377837,california,good
A11,24443.9,A32,3590.0,A143,A172,A201,0.010476150278165522,california,good
A12,23204.82,A34,1322.0,A143,A173,A201,0.0887425994561907,california,good
A11,22735.59,,1940.0,A141,A174,A201,0.021218631068067026,california,good
A14,21244.91,A32,3595.0,A143,A173,A201,0.030935422270987868,california,good
A11,25177.11,A32,1422.0,A143,A174,A201,0.07209583170204753,california,good
A14,21226.75,A34,6742.0,A143,A173,A201,0.05014407650068881,california,good
A14,13683.71,A32,7814.0,A143,A174,A201,0.05601628624088977,california,good
A14,28690.61,A32,9277.0,A143,,A201,0.01572058025753871,california,good
A12,15169.82,A34,2181.0,A143,A173,A201,0.022274994065072024,california,good
A14,27921.25,A34,1098.0,A143,A171,A201,0.05376533049395927,california,good
A12,14700.67,A32,4057.0,A143,A173,A201,0.09664242946468113,california,good
A11,,A32,795.0,A143,A173,A201,0.07112985394722772,california,good
A12,18908.78,A34,2825.0,A143,A173,A201,0.045659961984823305,california,good
A12,31214.61,A32,15672.0,A143,A173,A201,0.087746626358384,california,good
A14,20433.86,A34,6614.0,A143,A174,A201,0.09782312888397088,california,good
A14,15339.76,A31,7824.0,A141,A173,A201,0.05557611001222478,california,good
A11,31745.42,A34,2442.0,A142,A174,A201,0.07604217613752239,,good
A14,22136.23,A34,1829.0,A143,A173,A201,0.06552758313129801,california,good
A11,22888.45,A34,2171.0,A141,A172,A202,0.0837912419247658,california,good
A12,11571.28,A34,5800.0,A143,A173,A201,0.04813533649925669,california,good
A14,,A34,1169.0,A143,A173,A201,0.03251920067812505,,good
A14,,A33,8947.0,A142,A174,A201,0.04686851015842931,california,good
A11,23988.2,A32,2606.0,A143,A174,A201,0.06050731829210303,california,good
A14,18987.22,A34,1592.0,A143,A173,A202,0.056055741586050124,california,bad
A14,26791.35,A32,2186.0,A141,A172,A201,0.04583076799469832,california,good
A11,35372.74,A32,4153.0,A143,A173,,0.024683807309207495,california,good
A11,23145.32,A34,2625.0,A141,A173,A201,0.02741506398264812,california,good
A14,22810.3,A34,3485.0,A143,A173,A201,,california,good
A14,,A34,10477.0,A143,A173,A201,0.0684386849281163,california,good
A14,23228.29,A32,1386.0,A143,A173,A201,0.05933474576474709,california,bad
A14,18251.61,A32,1278.0,A143,A174,A201,0.09179904259610579,california,bad
A11,28349.85,A32,1107.0,A143,A174,A201,0.05200530774515319,california,good
,17287.75,A32,3763.0,A143,A172,A202,0.056502835632820436,california,good
A12,27949.65,A32,3711.0,A143,A173,A201,0.03329940313761096,california,good
A14,25370.55,A33,3594.0,A143,A172,A201,0.05976121188576094,california,good
A12,8216.16,A32,3195.0,A143,A172,A201,0.05790981832071608,california,bad
A14,21378.48,A33,4454.0,A143,A173,A201,0.06545880869558426,california,good
A12,21266.34,A34,4736.0,A141,A172,A201,0.07996525531570424,california,good
A12,27895.95,A32,2991.0,A143,A173,A201,0.020979244721832442,california,good
A14,25306.72,A32,2142.0,A143,A173,A201,0.06407838527334592,california,good
A11,27054.44,A31,3161.0,A143,A173,A201,0.061264493228703115,california,good
A12,21989.02,A30,18424.0,A141,A174,A202,0.0972592545474287,california,good
A14,17057.13,A32,2848.0,A143,A173,A201,0.08730433363870356,california,good
A11,20007.36,A32,14896.0,A141,A174,A201,0.023722882233072527,california,good
A11,19837.49,A32,2359.0,A143,A173,A201,0.08652828839879358,california,good
A11,20981.55,A32,3345.0,A143,A174,A201,0.0381509620794095,california,good
A14,,A34,1817.0,A143,A173,A201,0.0650979791904097,california,good
A14,15446.75,A33,12749.0,A143,A174,A201,0.03203946013114416,california,good
A11,14582.1,A32,1366.0,A143,A173,A201,0.022480343888068768,california,bad
A12,23459.52,A32,2002.0,A143,A173,A201,0.07278189280603181,california,good
A11,26981.49,A31,6872.0,A141,A173,A201,0.037317192499492814,california,good
A11,29082.34,A31,697.0,A141,A173,A201,0.06425784127554203,california,good
A11,14933.92,A34,1049.0,A143,A173,A201,0.014490134482209507,california,good
A11,31189.36,A32,10297.0,A142,,A201,0.09087262710282933,california,good
A14,26669.0,A32,1867.0,A143,A173,A201,0.04183282726241614,california,good
A11,29512.55,A33,1344.0,A143,A172,A201,0.07603956511146907,california,good
A11,28811.3,A32,1747.0,A143,A172,A202,0.09134904721247404,california,good
A12,25163.11,A32,1670.0,A143,A173,A201,0.05204946302877922,california,good
A14,22928.2,A34,1224.0,A143,A173,A201,0.02144494048390315,california,good
A14,27570.2,A34,522.0,A143,A173,A201,0.09481959768397856,california,good
A11,,A32,1498.0,A141,A173,A201,0.07242119068444773,california,bad
A12,19546.54,A33,1919.0,A142,A174,A201,0.08086483663150328,california,good
A13,19357.66,A32,745.0,A143,A172,A201,0.042559839952167895,california,good
A12,10829.37,A32,2063.0,A143,A174,A201,0.0468470814442475,california,good
A12,22362.19,,6288.0,A143,A173,A201,0.026549256713921776,california,good
A14,22137.24,A34,6842.0,A143,A174,A201,0.09123909764976272,california,good
A14,23153.98,A32,3527.0,A143,A174,A201,0.012843129152091891,california,good
A14,19506.0,A32,1546.0,A143,A172,A202,0.09212468394979913,california,good
A14,25074.42,A32,929.0,A142,A173,A201,0.04760042663153611,california,good
A14,18180.38,A34,1455.0,A143,A172,A201,0.010467795181926007,california,good
A11,19306.4,A32,1845.0,A143,A173,A201,0.03468222025050365,california,good
A12,21761.26,A30,8358.0,A143,A173,A201,0.042269878485334415,california,good
A11,14419.07,A31,3349.0,A143,A173,A201,0.010167383485970254,california,good
A14,19097.4,A32,2859.0,A143,A174,A201,0.04848823392267875,california,good
A14,30613.46,A32,1533.0,A143,A172,,0.07311893123227632,,good
A14,21716.84,A32,3621.0,A143,A173,A201,0.026205452812250625,california,good
A12,22617.1,A34,3590.0,A143,A171,A201,0.047418813267857095,california,good
A11,26863.16,A33,2145.0,A143,A173,A201,0.06401026071930581,california,good
A12,11391.7,A32,4113.0,A143,A173,A201,0.06066261950381918,california,good
A14,25206.74,A32,10974.0,A143,A174,A201,0.02456423347455415,california,good
A11,16130.43,A32,1893.0,A143,A173,A201,0.06602746091013707,california,good
A11,20167.73,A34,1231.0,A143,A174,,0.07456246500055912,california,bad
A13,31576.55,A34,3656.0,A142,A172,A201,0.014039415370926366,california,good
A12,22070.19,A34,1154.0,A143,A172,A201,,,good
A11,17181.11,A32,4006.0,A143,A172,A201,0.04758031937589171,california,good
A12,24512.0,A32,3069.0,A143,A173,A201,0.05446688907268527,california,good
A14,18035.69,A34,1740.0,A143,A173,A201,0.02766264430032861,california,good
A12,19135.64,A33,2353.0,A143,A173,A201,0.011835475401570213,california,good
A14,23870.84,A32,3556.0,A143,A173,A201,0.06359182590594661,california,good
A14,15920.63,A32,2397.0,A141,A173,A201,0.09819393636840235,california,good
A12,,,454.0,A143,A172,A201,0.02765885740978964,california,good
A12,18381.24,A32,1715.0,A143,A173,A201,0.0782718041245628,california,good
A12,13562.57,A34,2520.0,A143,A172,A201,0.03468038351981431,california,bad
A14,17560.09,A32,3568.0,A141,A174,A201,0.037098115572013236,california,bad
A14,23726.18,A32,7166.0,A143,A173,A201,0.0333785376401449,california,good
A11,23578.99,A34,3939.0,A143,A172,A201,0.08941311029446129,california,good
A12,12100.37,A32,1514.0,A143,A173,A201,0.030691465527619595,california,good
A14,27444.82,A32,7393.0,A143,A172,A201,0.0668810907078447,california,good
A11,18141.01,A31,1193.0,A143,A171,A201,0.09215781063406828,california,good
A11,32258.33,A32,7297.0,A143,A173,A201,0.06374743206734843,california,good
A14,13136.82,A34,2831.0,A143,A173,A201,0.09015050414399332,california,good
A13,24478.15,A32,1258.0,A143,A172,A201,0.058813918942091425,california,good
A12,17364.18,A32,753.0,A143,A173,A201,0.020592496748342178,california,good
A12,14729.9,A33,2427.0,A143,A173,A201,0.08350334692607567,california,good
,25081.72,A33,2538.0,A143,A172,A201,0.07964307795936998,california,good
A12,31073.39,A31,1264.0,A143,A173,A201,0.09903320160023299,california,good
A12,15255.16,A34,8386.0,A143,A173,A201,0.014870790350197019,california,good
A14,24615.6,A32,4844.0,A141,A174,A201,0.04885877758613214,california,good
A13,16474.96,A32,2923.0,A141,A174,A201,0.03006499103600254,california,good
A11,30273.1,A32,8229.0,A143,,A201,0.08103494221019673,california,good
A14,26095.26,A34,2028.0,A143,A172,A201,0.032150255252596405,california,good
A11,22154.57,A34,1433.0,A143,A173,A201,0.06386042941155377,california,good
A13,24720.34,A30,6289.0,A143,A173,A201,0.016327510723160268,california,good
A14,18879.58,A32,1409.0,A143,A173,A201,0.07538916840038609,california,bad
A11,18422.59,A32,6579.0,A143,A174,A201,0.03703487184822815,california,good
A12,31272.25,A34,1743.0,A143,A172,A201,0.017136614541055292,california,good
A14,23421.01,A34,3565.0,A143,A172,A201,0.0843919501131858,california,good
A14,23879.98,A31,1569.0,A141,A172,A201,0.036935134626929475,california,good
A11,13001.21,A32,1936.0,A143,A172,A201,0.048687430591085275,california,good
A11,20205.8,A32,3959.0,A143,A174,A201,0.050944808358896754,california,good
A14,19028.75,A32,2390.0,A143,A173,A201,0.062325505097842106,california,good
A14,25868.07,A32,1736.0,A143,A172,A201,0.04294057441337646,california,good
A11,18352.09,A32,3857.0,A143,A174,A201,0.0627764461111595,california,good
A14,31321.62,A32,804.0,A143,A173,A201,0.0420283316613378,california,good
A11,22808.76,A32,1845.0,A143,A173,,0.02022109782394148,california,good
A12,19754.66,A34,4576.0,A143,A173,A201,0.014445583417758758,california,good
